id,block,order,rep,loss_pct,mode,seed,experiment,state,paths,events,cross_traffic
EXP-RTC-L5-STRIPING-R04,0,0,4,5,striping,20275051,1,L5,"[{'rtt_ms': 30, 'mbps': 100, 'loss_pct': 5, 'queue_packets': 1000}, {'rtt_ms': 50, 'mbps': 100, 'loss_pct': 0, 'queue_packets': 1000}]",[],
EXP-RTC-L5-REPLICATION-R04,0,1,4,5,replication,20275051,2,L5,"[{'rtt_ms': 30, 'mbps': 100, 'loss_pct': 5, 'queue_packets': 1000}, {'rtt_ms': 50, 'mbps': 100, 'loss_pct': 0, 'queue_packets': 1000}]",[],
EXP-RTC-L5-SINGLE-R04,0,2,4,5,single,20275051,3,L5,"[{'rtt_ms': 30, 'mbps': 100, 'loss_pct': 5, 'queue_packets': 1000}, {'rtt_ms': 50, 'mbps': 100, 'loss_pct': 0, 'queue_packets': 1000}]",[],
EXP-RTC-L5-FEC-R04,0,3,4,5,fec,20275051,4,L5,"[{'rtt_ms': 30, 'mbps': 100, 'loss_pct': 5, 'queue_packets': 1000}, {'rtt_ms': 50, 'mbps': 100, 'loss_pct': 0, 'queue_packets': 1000}]",[],
EXP-RTC-L0.5-STRIPING-R05,1,0,5,0.5,striping,20276011,5,L0.5,"[{'rtt_ms': 30, 'mbps': 100, 'loss_pct': 0.5, 'queue_packets': 1000}, {'rtt_ms': 50, 'mbps': 100, 'loss_pct': 0, 'queue_packets': 1000}]",[],
EXP-RTC-L0.5-FEC-R05,1,1,5,0.5,fec,20276011,6,L0.5,"[{'rtt_ms': 30, 'mbps': 100, 'loss_pct': 0.5, 'queue_packets': 1000}, {'rtt_ms': 50, 'mbps': 100, 'loss_pct': 0, 'queue_packets': 1000}]",[],
EXP-RTC-L0.5-SINGLE-R05,1,2,5,0.5,single,20276011,7,L0.5,"[{'rtt_ms': 30, 'mbps': 100, 'loss_pct': 0.5, 'queue_packets': 1000}, {'rtt_ms': 50, 'mbps': 100, 'loss_pct': 0, 'queue_packets': 1000}]",[],
EXP-RTC-L0.5-REPLICATION-R05,1,3,5,0.5,replication,20276011,8,L0.5,"[{'rtt_ms': 30, 'mbps': 100, 'loss_pct': 0.5, 'queue_packets': 1000}, {'rtt_ms': 50, 'mbps': 100, 'loss_pct': 0, 'queue_packets': 1000}]",[],
EXP-RTC-L2-SINGLE-R02,2,0,2,2,single,20273031,9,L2,"[{'rtt_ms': 30, 'mbps': 100, 'loss_pct': 2, 'queue_packets': 1000}, {'rtt_ms': 50, 'mbps': 100, 'loss_pct': 0, 'queue_packets': 1000}]",[],
EXP-RTC-L2-FEC-R02,2,1,2,2,fec,20273031,10,L2,"[{'rtt_ms': 30, 'mbps': 100, 'loss_pct': 2, 'queue_packets': 1000}, {'rtt_ms': 50, 'mbps': 100, 'loss_pct': 0, 'queue_packets': 1000}]",[],
EXP-RTC-L2-REPLICATION-R02,2,2,2,2,replication,20273031,11,L2,"[{'rtt_ms': 30, 'mbps': 100, 'loss_pct': 2, 'queue_packets': 1000}, {'rtt_ms': 50, 'mbps': 100, 'loss_pct': 0, 'queue_packets': 1000}]",[],
EXP-RTC-L2-STRIPING-R02,2,3,2,2,striping,20273031,12,L2,"[{'rtt_ms': 30, 'mbps': 100, 'loss_pct': 2, 'queue_packets': 1000}, {'rtt_ms': 50, 'mbps': 100, 'loss_pct': 0, 'queue_packets': 1000}]",[],
EXP-RTC-L5-FEC-R08,3,0,8,5,fec,20279051,13,L5,"[{'rtt_ms': 30, 'mbps': 100, 'loss_pct': 5, 'queue_packets': 1000}, {'rtt_ms': 50, 'mbps': 100, 'loss_pct': 0, 'queue_packets': 1000}]",[],
EXP-RTC-L5-STRIPING-R08,3,1,8,5,striping,20279051,14,L5,"[{'rtt_ms': 30, 'mbps': 100, 'loss_pct': 5, 'queue_packets': 1000}, {'rtt_ms': 50, 'mbps': 100, 'loss_pct': 0, 'queue_packets': 1000}]",[],
EXP-RTC-L5-SINGLE-R08,3,2,8,5,single,20279051,15,L5,"[{'rtt_ms': 30, 'mbps': 100, 'loss_pct': 5, 'queue_packets': 1000}, {'rtt_ms': 50, 'mbps': 100, 'loss_pct': 0, 'queue_packets': 1000}]",[],
EXP-RTC-L5-REPLICATION-R08,3,3,8,5,replication,20279051,16,L5,"[{'rtt_ms': 30, 'mbps': 100, 'loss_pct': 5, 'queue_packets': 1000}, {'rtt_ms': 50, 'mbps': 100, 'loss_pct': 0, 'queue_packets': 1000}]",[],
EXP-RTC-L0-STRIPING-R00,4,0,0,0,striping,20271001,17,L0,"[{'rtt_ms': 30, 'mbps': 100, 'loss_pct': 0, 'queue_packets': 1000}, {'rtt_ms': 50, 'mbps': 100, 'loss_pct': 0, 'queue_packets': 1000}]",[],
EXP-RTC-L0-SINGLE-R00,4,1,0,0,single,20271001,18,L0,"[{'rtt_ms': 30, 'mbps': 100, 'loss_pct': 0, 'queue_packets': 1000}, {'rtt_ms': 50, 'mbps': 100, 'loss_pct': 0, 'queue_packets': 1000}]",[],
EXP-RTC-L0-FEC-R00,4,2,0,0,fec,20271001,19,L0,"[{'rtt_ms': 30, 'mbps': 100, 'loss_pct': 0, 'queue_packets': 1000}, {'rtt_ms': 50, 'mbps': 100, 'loss_pct': 0, 'queue_packets': 1000}]",[],
EXP-RTC-L0-REPLICATION-R00,4,3,0,0,replication,20271001,20,L0,"[{'rtt_ms': 30, 'mbps': 100, 'loss_pct': 0, 'queue_packets': 1000}, {'rtt_ms': 50, 'mbps': 100, 'loss_pct': 0, 'queue_packets': 1000}]",[],
EXP-RTC-L1-REPLICATION-R09,5,0,9,1,replication,20280021,21,L1,"[{'rtt_ms': 30, 'mbps': 100, 'loss_pct': 1, 'queue_packets': 1000}, {'rtt_ms': 50, 'mbps': 100, 'loss_pct': 0, 'queue_packets': 1000}]",[],
EXP-RTC-L1-STRIPING-R09,5,1,9,1,striping,20280021,22,L1,"[{'rtt_ms': 30, 'mbps': 100, 'loss_pct': 1, 'queue_packets': 1000}, {'rtt_ms': 50, 'mbps': 100, 'loss_pct': 0, 'queue_packets': 1000}]",[],
EXP-RTC-L1-SINGLE-R09,5,2,9,1,single,20280021,23,L1,"[{'rtt_ms': 30, 'mbps': 100, 'loss_pct': 1, 'queue_packets': 1000}, {'rtt_ms': 50, 'mbps': 100, 'loss_pct': 0, 'queue_packets': 1000}]",[],
EXP-RTC-L1-FEC-R09,5,3,9,1,fec,20280021,24,L1,"[{'rtt_ms': 30, 'mbps': 100, 'loss_pct': 1, 'queue_packets': 1000}, {'rtt_ms': 50, 'mbps': 100, 'loss_pct': 0, 'queue_packets': 1000}]",[],
EXP-RTC-L5-REPLICATION-R00,6,0,0,5,replication,20271051,25,L5,"[{'rtt_ms': 30, 'mbps': 100, 'loss_pct': 5, 'queue_packets': 1000}, {'rtt_ms': 50, 'mbps': 100, 'loss_pct': 0, 'queue_packets': 1000}]",[],
EXP-RTC-L5-SINGLE-R00,6,1,0,5,single,20271051,26,L5,"[{'rtt_ms': 30, 'mbps': 100, 'loss_pct': 5, 'queue_packets': 1000}, {'rtt_ms': 50, 'mbps': 100, 'loss_pct': 0, 'queue_packets': 1000}]",[],
EXP-RTC-L5-FEC-R00,6,2,0,5,fec,20271051,27,L5,"[{'rtt_ms': 30, 'mbps': 100, 'loss_pct': 5, 'queue_packets': 1000}, {'rtt_ms': 50, 'mbps': 100, 'loss_pct': 0, 'queue_packets': 1000}]",[],
EXP-RTC-L5-STRIPING-R00,6,3,0,5,striping,20271051,28,L5,"[{'rtt_ms': 30, 'mbps': 100, 'loss_pct': 5, 'queue_packets': 1000}, {'rtt_ms': 50, 'mbps': 100, 'loss_pct': 0, 'queue_packets': 1000}]",[],
EXP-RTC-L5-SINGLE-R02,7,0,2,5,single,20273051,29,L5,"[{'rtt_ms': 30, 'mbps': 100, 'loss_pct': 5, 'queue_packets': 1000}, {'rtt_ms': 50, 'mbps': 100, 'loss_pct': 0, 'queue_packets': 1000}]",[],
EXP-RTC-L5-REPLICATION-R02,7,1,2,5,replication,20273051,30,L5,"[{'rtt_ms': 30, 'mbps': 100, 'loss_pct': 5, 'queue_packets': 1000}, {'rtt_ms': 50, 'mbps': 100, 'loss_pct': 0, 'queue_packets': 1000}]",[],
EXP-RTC-L5-FEC-R02,7,2,2,5,fec,20273051,31,L5,"[{'rtt_ms': 30, 'mbps': 100, 'loss_pct': 5, 'queue_packets': 1000}, {'rtt_ms': 50, 'mbps': 100, 'loss_pct': 0, 'queue_packets': 1000}]",[],
EXP-RTC-L5-STRIPING-R02,7,3,2,5,striping,20273051,32,L5,"[{'rtt_ms': 30, 'mbps': 100, 'loss_pct': 5, 'queue_packets': 1000}, {'rtt_ms': 50, 'mbps': 100, 'loss_pct': 0, 'queue_packets': 1000}]",[],
EXP-RTC-L1-REPLICATION-R05,8,0,5,1,replication,20276021,33,L1,"[{'rtt_ms': 30, 'mbps': 100, 'loss_pct': 1, 'queue_packets': 1000}, {'rtt_ms': 50, 'mbps': 100, 'loss_pct': 0, 'queue_packets': 1000}]",[],
EXP-RTC-L1-STRIPING-R05,8,1,5,1,striping,20276021,34,L1,"[{'rtt_ms': 30, 'mbps': 100, 'loss_pct': 1, 'queue_packets': 1000}, {'rtt_ms': 50, 'mbps': 100, 'loss_pct': 0, 'queue_packets': 1000}]",[],
EXP-RTC-L1-FEC-R05,8,2,5,1,fec,20276021,35,L1,"[{'rtt_ms': 30, 'mbps': 100, 'loss_pct': 1, 'queue_packets': 1000}, {'rtt_ms': 50, 'mbps': 100, 'loss_pct': 0, 'queue_packets': 1000}]",[],
EXP-RTC-L1-SINGLE-R05,8,3,5,1,single,20276021,36,L1,"[{'rtt_ms': 30, 'mbps': 100, 'loss_pct': 1, 'queue_packets': 1000}, {'rtt_ms': 50, 'mbps': 100, 'loss_pct': 0, 'queue_packets': 1000}]",[],
EXP-RTC-L0.5-SINGLE-R00,9,0,0,0.5,single,20271011,37,L0.5,"[{'rtt_ms': 30, 'mbps': 100, 'loss_pct': 0.5, 'queue_packets': 1000}, {'rtt_ms': 50, 'mbps': 100, 'loss_pct': 0, 'queue_packets': 1000}]",[],
EXP-RTC-L0.5-STRIPING-R00,9,1,0,0.5,striping,20271011,38,L0.5,"[{'rtt_ms': 30, 'mbps': 100, 'loss_pct': 0.5, 'queue_packets': 1000}, {'rtt_ms': 50, 'mbps': 100, 'loss_pct': 0, 'queue_packets': 1000}]",[],
EXP-RTC-L0.5-REPLICATION-R00,9,2,0,0.5,replication,20271011,39,L0.5,"[{'rtt_ms': 30, 'mbps': 100, 'loss_pct': 0.5, 'queue_packets': 1000}, {'rtt_ms': 50, 'mbps': 100, 'loss_pct': 0, 'queue_packets': 1000}]",[],
EXP-RTC-L0.5-FEC-R00,9,3,0,0.5,fec,20271011,40,L0.5,"[{'rtt_ms': 30, 'mbps': 100, 'loss_pct': 0.5, 'queue_packets': 1000}, {'rtt_ms': 50, 'mbps': 100, 'loss_pct': 0, 'queue_packets': 1000}]",[],
EXP-RTC-L1-STRIPING-R07,10,0,7,1,striping,20278021,41,L1,"[{'rtt_ms': 30, 'mbps': 100, 'loss_pct': 1, 'queue_packets': 1000}, {'rtt_ms': 50, 'mbps': 100, 'loss_pct': 0, 'queue_packets': 1000}]",[],
EXP-RTC-L1-REPLICATION-R07,10,1,7,1,replication,20278021,42,L1,"[{'rtt_ms': 30, 'mbps': 100, 'loss_pct': 1, 'queue_packets': 1000}, {'rtt_ms': 50, 'mbps': 100, 'loss_pct': 0, 'queue_packets': 1000}]",[],
EXP-RTC-L1-SINGLE-R07,10,2,7,1,single,20278021,43,L1,"[{'rtt_ms': 30, 'mbps': 100, 'loss_pct': 1, 'queue_packets': 1000}, {'rtt_ms': 50, 'mbps': 100, 'loss_pct': 0, 'queue_packets': 1000}]",[],
EXP-RTC-L1-FEC-R07,10,3,7,1,fec,20278021,44,L1,"[{'rtt_ms': 30, 'mbps': 100, 'loss_pct': 1, 'queue_packets': 1000}, {'rtt_ms': 50, 'mbps': 100, 'loss_pct': 0, 'queue_packets': 1000}]",[],
EXP-RTC-L0-SINGLE-R05,11,0,5,0,single,20276001,45,L0,"[{'rtt_ms': 30, 'mbps': 100, 'loss_pct': 0, 'queue_packets': 1000}, {'rtt_ms': 50, 'mbps': 100, 'loss_pct': 0, 'queue_packets': 1000}]",[],
EXP-RTC-L0-FEC-R05,11,1,5,0,fec,20276001,46,L0,"[{'rtt_ms': 30, 'mbps': 100, 'loss_pct': 0, 'queue_packets': 1000}, {'rtt_ms': 50, 'mbps': 100, 'loss_pct': 0, 'queue_packets': 1000}]",[],
EXP-RTC-L0-REPLICATION-R05,11,2,5,0,replication,20276001,47,L0,"[{'rtt_ms': 30, 'mbps': 100, 'loss_pct': 0, 'queue_packets': 1000}, {'rtt_ms': 50, 'mbps': 100, 'loss_pct': 0, 'queue_packets': 1000}]",[],
EXP-RTC-L0-STRIPING-R05,11,3,5,0,striping,20276001,48,L0,"[{'rtt_ms': 30, 'mbps': 100, 'loss_pct': 0, 'queue_packets': 1000}, {'rtt_ms': 50, 'mbps': 100, 'loss_pct': 0, 'queue_packets': 1000}]",[],
EXP-RTC-L1-SINGLE-R03,12,0,3,1,single,20274021,49,L1,"[{'rtt_ms': 30, 'mbps': 100, 'loss_pct': 1, 'queue_packets': 1000}, {'rtt_ms': 50, 'mbps': 100, 'loss_pct': 0, 'queue_packets': 1000}]",[],
EXP-RTC-L1-REPLICATION-R03,12,1,3,1,replication,20274021,50,L1,"[{'rtt_ms': 30, 'mbps': 100, 'loss_pct': 1, 'queue_packets': 1000}, {'rtt_ms': 50, 'mbps': 100, 'loss_pct': 0, 'queue_packets': 1000}]",[],
EXP-RTC-L1-STRIPING-R03,12,2,3,1,striping,20274021,51,L1,"[{'rtt_ms': 30, 'mbps': 100, 'loss_pct': 1, 'queue_packets': 1000}, {'rtt_ms': 50, 'mbps': 100, 'loss_pct': 0, 'queue_packets': 1000}]",[],
EXP-RTC-L1-FEC-R03,12,3,3,1,fec,20274021,52,L1,"[{'rtt_ms': 30, 'mbps': 100, 'loss_pct': 1, 'queue_packets': 1000}, {'rtt_ms': 50, 'mbps': 100, 'loss_pct': 0, 'queue_packets': 1000}]",[],
EXP-RTC-L2-REPLICATION-R06,13,0,6,2,replication,20277031,53,L2,"[{'rtt_ms': 30, 'mbps': 100, 'loss_pct': 2, 'queue_packets': 1000}, {'rtt_ms': 50, 'mbps': 100, 'loss_pct': 0, 'queue_packets': 1000}]",[],
EXP-RTC-L2-SINGLE-R06,13,1,6,2,single,20277031,54,L2,"[{'rtt_ms': 30, 'mbps': 100, 'loss_pct': 2, 'queue_packets': 1000}, {'rtt_ms': 50, 'mbps': 100, 'loss_pct': 0, 'queue_packets': 1000}]",[],
EXP-RTC-L2-FEC-R06,13,2,6,2,fec,20277031,55,L2,"[{'rtt_ms': 30, 'mbps': 100, 'loss_pct': 2, 'queue_packets': 1000}, {'rtt_ms': 50, 'mbps': 100, 'loss_pct': 0, 'queue_packets': 1000}]",[],
EXP-RTC-L2-STRIPING-R06,13,3,6,2,striping,20277031,56,L2,"[{'rtt_ms': 30, 'mbps': 100, 'loss_pct': 2, 'queue_packets': 1000}, {'rtt_ms': 50, 'mbps': 100, 'loss_pct': 0, 'queue_packets': 1000}]",[],
EXP-RTC-L0.5-STRIPING-R01,14,0,1,0.5,striping,20272011,57,L0.5,"[{'rtt_ms': 30, 'mbps': 100, 'loss_pct': 0.5, 'queue_packets': 1000}, {'rtt_ms': 50, 'mbps': 100, 'loss_pct': 0, 'queue_packets': 1000}]",[],
EXP-RTC-L0.5-SINGLE-R01,14,1,1,0.5,single,20272011,58,L0.5,"[{'rtt_ms': 30, 'mbps': 100, 'loss_pct': 0.5, 'queue_packets': 1000}, {'rtt_ms': 50, 'mbps': 100, 'loss_pct': 0, 'queue_packets': 1000}]",[],
EXP-RTC-L0.5-REPLICATION-R01,14,2,1,0.5,replication,20272011,59,L0.5,"[{'rtt_ms': 30, 'mbps': 100, 'loss_pct': 0.5, 'queue_packets': 1000}, {'rtt_ms': 50, 'mbps': 100, 'loss_pct': 0, 'queue_packets': 1000}]",[],
EXP-RTC-L0.5-FEC-R01,14,3,1,0.5,fec,20272011,60,L0.5,"[{'rtt_ms': 30, 'mbps': 100, 'loss_pct': 0.5, 'queue_packets': 1000}, {'rtt_ms': 50, 'mbps': 100, 'loss_pct': 0, 'queue_packets': 1000}]",[],
EXP-RTC-L1-SINGLE-R01,15,0,1,1,single,20272021,61,L1,"[{'rtt_ms': 30, 'mbps': 100, 'loss_pct': 1, 'queue_packets': 1000}, {'rtt_ms': 50, 'mbps': 100, 'loss_pct': 0, 'queue_packets': 1000}]",[],
EXP-RTC-L1-FEC-R01,15,1,1,1,fec,20272021,62,L1,"[{'rtt_ms': 30, 'mbps': 100, 'loss_pct': 1, 'queue_packets': 1000}, {'rtt_ms': 50, 'mbps': 100, 'loss_pct': 0, 'queue_packets': 1000}]",[],
EXP-RTC-L1-STRIPING-R01,15,2,1,1,striping,20272021,63,L1,"[{'rtt_ms': 30, 'mbps': 100, 'loss_pct': 1, 'queue_packets': 1000}, {'rtt_ms': 50, 'mbps': 100, 'loss_pct': 0, 'queue_packets': 1000}]",[],
EXP-RTC-L1-REPLICATION-R01,15,3,1,1,replication,20272021,64,L1,"[{'rtt_ms': 30, 'mbps': 100, 'loss_pct': 1, 'queue_packets': 1000}, {'rtt_ms': 50, 'mbps': 100, 'loss_pct': 0, 'queue_packets': 1000}]",[],
EXP-RTC-L0.5-STRIPING-R04,16,0,4,0.5,striping,20275011,65,L0.5,"[{'rtt_ms': 30, 'mbps': 100, 'loss_pct': 0.5, 'queue_packets': 1000}, {'rtt_ms': 50, 'mbps': 100, 'loss_pct': 0, 'queue_packets': 1000}]",[],
EXP-RTC-L0.5-FEC-R04,16,1,4,0.5,fec,20275011,66,L0.5,"[{'rtt_ms': 30, 'mbps': 100, 'loss_pct': 0.5, 'queue_packets': 1000}, {'rtt_ms': 50, 'mbps': 100, 'loss_pct': 0, 'queue_packets': 1000}]",[],
EXP-RTC-L0.5-SINGLE-R04,16,2,4,0.5,single,20275011,67,L0.5,"[{'rtt_ms': 30, 'mbps': 100, 'loss_pct': 0.5, 'queue_packets': 1000}, {'rtt_ms': 50, 'mbps': 100, 'loss_pct': 0, 'queue_packets': 1000}]",[],
EXP-RTC-L0.5-REPLICATION-R04,16,3,4,0.5,replication,20275011,68,L0.5,"[{'rtt_ms': 30, 'mbps': 100, 'loss_pct': 0.5, 'queue_packets': 1000}, {'rtt_ms': 50, 'mbps': 100, 'loss_pct': 0, 'queue_packets': 1000}]",[],
EXP-RTC-L0-SINGLE-R04,17,0,4,0,single,20275001,69,L0,"[{'rtt_ms': 30, 'mbps': 100, 'loss_pct': 0, 'queue_packets': 1000}, {'rtt_ms': 50, 'mbps': 100, 'loss_pct': 0, 'queue_packets': 1000}]",[],
EXP-RTC-L0-FEC-R04,17,1,4,0,fec,20275001,70,L0,"[{'rtt_ms': 30, 'mbps': 100, 'loss_pct': 0, 'queue_packets': 1000}, {'rtt_ms': 50, 'mbps': 100, 'loss_pct': 0, 'queue_packets': 1000}]",[],
EXP-RTC-L0-REPLICATION-R04,17,2,4,0,replication,20275001,71,L0,"[{'rtt_ms': 30, 'mbps': 100, 'loss_pct': 0, 'queue_packets': 1000}, {'rtt_ms': 50, 'mbps': 100, 'loss_pct': 0, 'queue_packets': 1000}]",[],
EXP-RTC-L0-STRIPING-R04,17,3,4,0,striping,20275001,72,L0,"[{'rtt_ms': 30, 'mbps': 100, 'loss_pct': 0, 'queue_packets': 1000}, {'rtt_ms': 50, 'mbps': 100, 'loss_pct': 0, 'queue_packets': 1000}]",[],
EXP-RTC-L0.5-REPLICATION-R02,18,0,2,0.5,replication,20273011,73,L0.5,"[{'rtt_ms': 30, 'mbps': 100, 'loss_pct': 0.5, 'queue_packets': 1000}, {'rtt_ms': 50, 'mbps': 100, 'loss_pct': 0, 'queue_packets': 1000}]",[],
EXP-RTC-L0.5-STRIPING-R02,18,1,2,0.5,striping,20273011,74,L0.5,"[{'rtt_ms': 30, 'mbps': 100, 'loss_pct': 0.5, 'queue_packets': 1000}, {'rtt_ms': 50, 'mbps': 100, 'loss_pct': 0, 'queue_packets': 1000}]",[],
EXP-RTC-L0.5-FEC-R02,18,2,2,0.5,fec,20273011,75,L0.5,"[{'rtt_ms': 30, 'mbps': 100, 'loss_pct': 0.5, 'queue_packets': 1000}, {'rtt_ms': 50, 'mbps': 100, 'loss_pct': 0, 'queue_packets': 1000}]",[],
EXP-RTC-L0.5-SINGLE-R02,18,3,2,0.5,single,20273011,76,L0.5,"[{'rtt_ms': 30, 'mbps': 100, 'loss_pct': 0.5, 'queue_packets': 1000}, {'rtt_ms': 50, 'mbps': 100, 'loss_pct': 0, 'queue_packets': 1000}]",[],
EXP-RTC-L5-REPLICATION-R01,19,0,1,5,replication,20272051,77,L5,"[{'rtt_ms': 30, 'mbps': 100, 'loss_pct': 5, 'queue_packets': 1000}, {'rtt_ms': 50, 'mbps': 100, 'loss_pct': 0, 'queue_packets': 1000}]",[],
EXP-RTC-L5-STRIPING-R01,19,1,1,5,striping,20272051,78,L5,"[{'rtt_ms': 30, 'mbps': 100, 'loss_pct': 5, 'queue_packets': 1000}, {'rtt_ms': 50, 'mbps': 100, 'loss_pct': 0, 'queue_packets': 1000}]",[],
EXP-RTC-L5-FEC-R01,19,2,1,5,fec,20272051,79,L5,"[{'rtt_ms': 30, 'mbps': 100, 'loss_pct': 5, 'queue_packets': 1000}, {'rtt_ms': 50, 'mbps': 100, 'loss_pct': 0, 'queue_packets': 1000}]",[],
EXP-RTC-L5-SINGLE-R01,19,3,1,5,single,20272051,80,L5,"[{'rtt_ms': 30, 'mbps': 100, 'loss_pct': 5, 'queue_packets': 1000}, {'rtt_ms': 50, 'mbps': 100, 'loss_pct': 0, 'queue_packets': 1000}]",[],
EXP-RTC-L3-REPLICATION-R00,20,0,0,3,replication,20271041,81,L3,"[{'rtt_ms': 30, 'mbps': 100, 'loss_pct': 3, 'queue_packets': 1000}, {'rtt_ms': 50, 'mbps': 100, 'loss_pct': 0, 'queue_packets': 1000}]",[],
EXP-RTC-L3-FEC-R00,20,1,0,3,fec,20271041,82,L3,"[{'rtt_ms': 30, 'mbps': 100, 'loss_pct': 3, 'queue_packets': 1000}, {'rtt_ms': 50, 'mbps': 100, 'loss_pct': 0, 'queue_packets': 1000}]",[],
EXP-RTC-L3-SINGLE-R00,20,2,0,3,single,20271041,83,L3,"[{'rtt_ms': 30, 'mbps': 100, 'loss_pct': 3, 'queue_packets': 1000}, {'rtt_ms': 50, 'mbps': 100, 'loss_pct': 0, 'queue_packets': 1000}]",[],
EXP-RTC-L3-STRIPING-R00,20,3,0,3,striping,20271041,84,L3,"[{'rtt_ms': 30, 'mbps': 100, 'loss_pct': 3, 'queue_packets': 1000}, {'rtt_ms': 50, 'mbps': 100, 'loss_pct': 0, 'queue_packets': 1000}]",[],
EXP-RTC-L3-STRIPING-R08,21,0,8,3,striping,20279041,85,L3,"[{'rtt_ms': 30, 'mbps': 100, 'loss_pct': 3, 'queue_packets': 1000}, {'rtt_ms': 50, 'mbps': 100, 'loss_pct': 0, 'queue_packets': 1000}]",[],
EXP-RTC-L3-REPLICATION-R08,21,1,8,3,replication,20279041,86,L3,"[{'rtt_ms': 30, 'mbps': 100, 'loss_pct': 3, 'queue_packets': 1000}, {'rtt_ms': 50, 'mbps': 100, 'loss_pct': 0, 'queue_packets': 1000}]",[],
EXP-RTC-L3-SINGLE-R08,21,2,8,3,single,20279041,87,L3,"[{'rtt_ms': 30, 'mbps': 100, 'loss_pct': 3, 'queue_packets': 1000}, {'rtt_ms': 50, 'mbps': 100, 'loss_pct': 0, 'queue_packets': 1000}]",[],
EXP-RTC-L3-FEC-R08,21,3,8,3,fec,20279041,88,L3,"[{'rtt_ms': 30, 'mbps': 100, 'loss_pct': 3, 'queue_packets': 1000}, {'rtt_ms': 50, 'mbps': 100, 'loss_pct': 0, 'queue_packets': 1000}]",[],
EXP-RTC-L1-SINGLE-R06,22,0,6,1,single,20277021,89,L1,"[{'rtt_ms': 30, 'mbps': 100, 'loss_pct': 1, 'queue_packets': 1000}, {'rtt_ms': 50, 'mbps': 100, 'loss_pct': 0, 'queue_packets': 1000}]",[],
EXP-RTC-L1-FEC-R06,22,1,6,1,fec,20277021,90,L1,"[{'rtt_ms': 30, 'mbps': 100, 'loss_pct': 1, 'queue_packets': 1000}, {'rtt_ms': 50, 'mbps': 100, 'loss_pct': 0, 'queue_packets': 1000}]",[],
EXP-RTC-L1-STRIPING-R06,22,2,6,1,striping,20277021,91,L1,"[{'rtt_ms': 30, 'mbps': 100, 'loss_pct': 1, 'queue_packets': 1000}, {'rtt_ms': 50, 'mbps': 100, 'loss_pct': 0, 'queue_packets': 1000}]",[],
EXP-RTC-L1-REPLICATION-R06,22,3,6,1,replication,20277021,92,L1,"[{'rtt_ms': 30, 'mbps': 100, 'loss_pct': 1, 'queue_packets': 1000}, {'rtt_ms': 50, 'mbps': 100, 'loss_pct': 0, 'queue_packets': 1000}]",[],
EXP-RTC-L2-REPLICATION-R01,23,0,1,2,replication,20272031,93,L2,"[{'rtt_ms': 30, 'mbps': 100, 'loss_pct': 2, 'queue_packets': 1000}, {'rtt_ms': 50, 'mbps': 100, 'loss_pct': 0, 'queue_packets': 1000}]",[],
EXP-RTC-L2-FEC-R01,23,1,1,2,fec,20272031,94,L2,"[{'rtt_ms': 30, 'mbps': 100, 'loss_pct': 2, 'queue_packets': 1000}, {'rtt_ms': 50, 'mbps': 100, 'loss_pct': 0, 'queue_packets': 1000}]",[],
EXP-RTC-L2-STRIPING-R01,23,2,1,2,striping,20272031,95,L2,"[{'rtt_ms': 30, 'mbps': 100, 'loss_pct': 2, 'queue_packets': 1000}, {'rtt_ms': 50, 'mbps': 100, 'loss_pct': 0, 'queue_packets': 1000}]",[],
EXP-RTC-L2-SINGLE-R01,23,3,1,2,single,20272031,96,L2,"[{'rtt_ms': 30, 'mbps': 100, 'loss_pct': 2, 'queue_packets': 1000}, {'rtt_ms': 50, 'mbps': 100, 'loss_pct': 0, 'queue_packets': 1000}]",[],
EXP-RTC-L2-REPLICATION-R09,24,0,9,2,replication,20280031,97,L2,"[{'rtt_ms': 30, 'mbps': 100, 'loss_pct': 2, 'queue_packets': 1000}, {'rtt_ms': 50, 'mbps': 100, 'loss_pct': 0, 'queue_packets': 1000}]",[],
EXP-RTC-L2-STRIPING-R09,24,1,9,2,striping,20280031,98,L2,"[{'rtt_ms': 30, 'mbps': 100, 'loss_pct': 2, 'queue_packets': 1000}, {'rtt_ms': 50, 'mbps': 100, 'loss_pct': 0, 'queue_packets': 1000}]",[],
EXP-RTC-L2-SINGLE-R09,24,2,9,2,single,20280031,99,L2,"[{'rtt_ms': 30, 'mbps': 100, 'loss_pct': 2, 'queue_packets': 1000}, {'rtt_ms': 50, 'mbps': 100, 'loss_pct': 0, 'queue_packets': 1000}]",[],
EXP-RTC-L2-FEC-R09,24,3,9,2,fec,20280031,100,L2,"[{'rtt_ms': 30, 'mbps': 100, 'loss_pct': 2, 'queue_packets': 1000}, {'rtt_ms': 50, 'mbps': 100, 'loss_pct': 0, 'queue_packets': 1000}]",[],
EXP-RTC-L2-REPLICATION-R08,25,0,8,2,replication,20279031,101,L2,"[{'rtt_ms': 30, 'mbps': 100, 'loss_pct': 2, 'queue_packets': 1000}, {'rtt_ms': 50, 'mbps': 100, 'loss_pct': 0, 'queue_packets': 1000}]",[],
EXP-RTC-L2-STRIPING-R08,25,1,8,2,striping,20279031,102,L2,"[{'rtt_ms': 30, 'mbps': 100, 'loss_pct': 2, 'queue_packets': 1000}, {'rtt_ms': 50, 'mbps': 100, 'loss_pct': 0, 'queue_packets': 1000}]",[],
EXP-RTC-L2-SINGLE-R08,25,2,8,2,single,20279031,103,L2,"[{'rtt_ms': 30, 'mbps': 100, 'loss_pct': 2, 'queue_packets': 1000}, {'rtt_ms': 50, 'mbps': 100, 'loss_pct': 0, 'queue_packets': 1000}]",[],
EXP-RTC-L2-FEC-R08,25,3,8,2,fec,20279031,104,L2,"[{'rtt_ms': 30, 'mbps': 100, 'loss_pct': 2, 'queue_packets': 1000}, {'rtt_ms': 50, 'mbps': 100, 'loss_pct': 0, 'queue_packets': 1000}]",[],
EXP-RTC-L3-STRIPING-R02,26,0,2,3,striping,20273041,105,L3,"[{'rtt_ms': 30, 'mbps': 100, 'loss_pct': 3, 'queue_packets': 1000}, {'rtt_ms': 50, 'mbps': 100, 'loss_pct': 0, 'queue_packets': 1000}]",[],
EXP-RTC-L3-REPLICATION-R02,26,1,2,3,replication,20273041,106,L3,"[{'rtt_ms': 30, 'mbps': 100, 'loss_pct': 3, 'queue_packets': 1000}, {'rtt_ms': 50, 'mbps': 100, 'loss_pct': 0, 'queue_packets': 1000}]",[],
EXP-RTC-L3-SINGLE-R02,26,2,2,3,single,20273041,107,L3,"[{'rtt_ms': 30, 'mbps': 100, 'loss_pct': 3, 'queue_packets': 1000}, {'rtt_ms': 50, 'mbps': 100, 'loss_pct': 0, 'queue_packets': 1000}]",[],
EXP-RTC-L3-FEC-R02,26,3,2,3,fec,20273041,108,L3,"[{'rtt_ms': 30, 'mbps': 100, 'loss_pct': 3, 'queue_packets': 1000}, {'rtt_ms': 50, 'mbps': 100, 'loss_pct': 0, 'queue_packets': 1000}]",[],
EXP-RTC-L0-STRIPING-R06,27,0,6,0,striping,20277001,109,L0,"[{'rtt_ms': 30, 'mbps': 100, 'loss_pct': 0, 'queue_packets': 1000}, {'rtt_ms': 50, 'mbps': 100, 'loss_pct': 0, 'queue_packets': 1000}]",[],
EXP-RTC-L0-REPLICATION-R06,27,1,6,0,replication,20277001,110,L0,"[{'rtt_ms': 30, 'mbps': 100, 'loss_pct': 0, 'queue_packets': 1000}, {'rtt_ms': 50, 'mbps': 100, 'loss_pct': 0, 'queue_packets': 1000}]",[],
EXP-RTC-L0-FEC-R06,27,2,6,0,fec,20277001,111,L0,"[{'rtt_ms': 30, 'mbps': 100, 'loss_pct': 0, 'queue_packets': 1000}, {'rtt_ms': 50, 'mbps': 100, 'loss_pct': 0, 'queue_packets': 1000}]",[],
EXP-RTC-L0-SINGLE-R06,27,3,6,0,single,20277001,112,L0,"[{'rtt_ms': 30, 'mbps': 100, 'loss_pct': 0, 'queue_packets': 1000}, {'rtt_ms': 50, 'mbps': 100, 'loss_pct': 0, 'queue_packets': 1000}]",[],
EXP-RTC-L2-SINGLE-R04,28,0,4,2,single,20275031,113,L2,"[{'rtt_ms': 30, 'mbps': 100, 'loss_pct': 2, 'queue_packets': 1000}, {'rtt_ms': 50, 'mbps': 100, 'loss_pct': 0, 'queue_packets': 1000}]",[],
EXP-RTC-L2-REPLICATION-R04,28,1,4,2,replication,20275031,114,L2,"[{'rtt_ms': 30, 'mbps': 100, 'loss_pct': 2, 'queue_packets': 1000}, {'rtt_ms': 50, 'mbps': 100, 'loss_pct': 0, 'queue_packets': 1000}]",[],
EXP-RTC-L2-STRIPING-R04,28,2,4,2,striping,20275031,115,L2,"[{'rtt_ms': 30, 'mbps': 100, 'loss_pct': 2, 'queue_packets': 1000}, {'rtt_ms': 50, 'mbps': 100, 'loss_pct': 0, 'queue_packets': 1000}]",[],
EXP-RTC-L2-FEC-R04,28,3,4,2,fec,20275031,116,L2,"[{'rtt_ms': 30, 'mbps': 100, 'loss_pct': 2, 'queue_packets': 1000}, {'rtt_ms': 50, 'mbps': 100, 'loss_pct': 0, 'queue_packets': 1000}]",[],
EXP-RTC-L0.5-STRIPING-R09,29,0,9,0.5,striping,20280011,117,L0.5,"[{'rtt_ms': 30, 'mbps': 100, 'loss_pct': 0.5, 'queue_packets': 1000}, {'rtt_ms': 50, 'mbps': 100, 'loss_pct': 0, 'queue_packets': 1000}]",[],
EXP-RTC-L0.5-REPLICATION-R09,29,1,9,0.5,replication,20280011,118,L0.5,"[{'rtt_ms': 30, 'mbps': 100, 'loss_pct': 0.5, 'queue_packets': 1000}, {'rtt_ms': 50, 'mbps': 100, 'loss_pct': 0, 'queue_packets': 1000}]",[],
EXP-RTC-L0.5-FEC-R09,29,2,9,0.5,fec,20280011,119,L0.5,"[{'rtt_ms': 30, 'mbps': 100, 'loss_pct': 0.5, 'queue_packets': 1000}, {'rtt_ms': 50, 'mbps': 100, 'loss_pct': 0, 'queue_packets': 1000}]",[],
EXP-RTC-L0.5-SINGLE-R09,29,3,9,0.5,single,20280011,120,L0.5,"[{'rtt_ms': 30, 'mbps': 100, 'loss_pct': 0.5, 'queue_packets': 1000}, {'rtt_ms': 50, 'mbps': 100, 'loss_pct': 0, 'queue_packets': 1000}]",[],
EXP-RTC-L5-FEC-R03,30,0,3,5,fec,20274051,121,L5,"[{'rtt_ms': 30, 'mbps': 100, 'loss_pct': 5, 'queue_packets': 1000}, {'rtt_ms': 50, 'mbps': 100, 'loss_pct': 0, 'queue_packets': 1000}]",[],
EXP-RTC-L5-STRIPING-R03,30,1,3,5,striping,20274051,122,L5,"[{'rtt_ms': 30, 'mbps': 100, 'loss_pct': 5, 'queue_packets': 1000}, {'rtt_ms': 50, 'mbps': 100, 'loss_pct': 0, 'queue_packets': 1000}]",[],
EXP-RTC-L5-REPLICATION-R03,30,2,3,5,replication,20274051,123,L5,"[{'rtt_ms': 30, 'mbps': 100, 'loss_pct': 5, 'queue_packets': 1000}, {'rtt_ms': 50, 'mbps': 100, 'loss_pct': 0, 'queue_packets': 1000}]",[],
EXP-RTC-L5-SINGLE-R03,30,3,3,5,single,20274051,124,L5,"[{'rtt_ms': 30, 'mbps': 100, 'loss_pct': 5, 'queue_packets': 1000}, {'rtt_ms': 50, 'mbps': 100, 'loss_pct': 0, 'queue_packets': 1000}]",[],
EXP-RTC-L0-REPLICATION-R03,31,0,3,0,replication,20274001,125,L0,"[{'rtt_ms': 30, 'mbps': 100, 'loss_pct': 0, 'queue_packets': 1000}, {'rtt_ms': 50, 'mbps': 100, 'loss_pct': 0, 'queue_packets': 1000}]",[],
EXP-RTC-L0-FEC-R03,31,1,3,0,fec,20274001,126,L0,"[{'rtt_ms': 30, 'mbps': 100, 'loss_pct': 0, 'queue_packets': 1000}, {'rtt_ms': 50, 'mbps': 100, 'loss_pct': 0, 'queue_packets': 1000}]",[],
EXP-RTC-L0-STRIPING-R03,31,2,3,0,striping,20274001,127,L0,"[{'rtt_ms': 30, 'mbps': 100, 'loss_pct': 0, 'queue_packets': 1000}, {'rtt_ms': 50, 'mbps': 100, 'loss_pct': 0, 'queue_packets': 1000}]",[],
EXP-RTC-L0-SINGLE-R03,31,3,3,0,single,20274001,128,L0,"[{'rtt_ms': 30, 'mbps': 100, 'loss_pct': 0, 'queue_packets': 1000}, {'rtt_ms': 50, 'mbps': 100, 'loss_pct': 0, 'queue_packets': 1000}]",[],
EXP-RTC-L1-REPLICATION-R04,32,0,4,1,replication,20275021,129,L1,"[{'rtt_ms': 30, 'mbps': 100, 'loss_pct': 1, 'queue_packets': 1000}, {'rtt_ms': 50, 'mbps': 100, 'loss_pct': 0, 'queue_packets': 1000}]",[],
EXP-RTC-L1-STRIPING-R04,32,1,4,1,striping,20275021,130,L1,"[{'rtt_ms': 30, 'mbps': 100, 'loss_pct': 1, 'queue_packets': 1000}, {'rtt_ms': 50, 'mbps': 100, 'loss_pct': 0, 'queue_packets': 1000}]",[],
EXP-RTC-L1-SINGLE-R04,32,2,4,1,single,20275021,131,L1,"[{'rtt_ms': 30, 'mbps': 100, 'loss_pct': 1, 'queue_packets': 1000}, {'rtt_ms': 50, 'mbps': 100, 'loss_pct': 0, 'queue_packets': 1000}]",[],
EXP-RTC-L1-FEC-R04,32,3,4,1,fec,20275021,132,L1,"[{'rtt_ms': 30, 'mbps': 100, 'loss_pct': 1, 'queue_packets': 1000}, {'rtt_ms': 50, 'mbps': 100, 'loss_pct': 0, 'queue_packets': 1000}]",[],
EXP-RTC-L3-FEC-R07,33,0,7,3,fec,20278041,133,L3,"[{'rtt_ms': 30, 'mbps': 100, 'loss_pct': 3, 'queue_packets': 1000}, {'rtt_ms': 50, 'mbps': 100, 'loss_pct': 0, 'queue_packets': 1000}]",[],
EXP-RTC-L3-REPLICATION-R07,33,1,7,3,replication,20278041,134,L3,"[{'rtt_ms': 30, 'mbps': 100, 'loss_pct': 3, 'queue_packets': 1000}, {'rtt_ms': 50, 'mbps': 100, 'loss_pct': 0, 'queue_packets': 1000}]",[],
EXP-RTC-L3-STRIPING-R07,33,2,7,3,striping,20278041,135,L3,"[{'rtt_ms': 30, 'mbps': 100, 'loss_pct': 3, 'queue_packets': 1000}, {'rtt_ms': 50, 'mbps': 100, 'loss_pct': 0, 'queue_packets': 1000}]",[],
EXP-RTC-L3-SINGLE-R07,33,3,7,3,single,20278041,136,L3,"[{'rtt_ms': 30, 'mbps': 100, 'loss_pct': 3, 'queue_packets': 1000}, {'rtt_ms': 50, 'mbps': 100, 'loss_pct': 0, 'queue_packets': 1000}]",[],
EXP-RTC-L1-STRIPING-R08,34,0,8,1,striping,20279021,137,L1,"[{'rtt_ms': 30, 'mbps': 100, 'loss_pct': 1, 'queue_packets': 1000}, {'rtt_ms': 50, 'mbps': 100, 'loss_pct': 0, 'queue_packets': 1000}]",[],
EXP-RTC-L1-REPLICATION-R08,34,1,8,1,replication,20279021,138,L1,"[{'rtt_ms': 30, 'mbps': 100, 'loss_pct': 1, 'queue_packets': 1000}, {'rtt_ms': 50, 'mbps': 100, 'loss_pct': 0, 'queue_packets': 1000}]",[],
EXP-RTC-L1-FEC-R08,34,2,8,1,fec,20279021,139,L1,"[{'rtt_ms': 30, 'mbps': 100, 'loss_pct': 1, 'queue_packets': 1000}, {'rtt_ms': 50, 'mbps': 100, 'loss_pct': 0, 'queue_packets': 1000}]",[],
EXP-RTC-L1-SINGLE-R08,34,3,8,1,single,20279021,140,L1,"[{'rtt_ms': 30, 'mbps': 100, 'loss_pct': 1, 'queue_packets': 1000}, {'rtt_ms': 50, 'mbps': 100, 'loss_pct': 0, 'queue_packets': 1000}]",[],
EXP-RTC-L1-SINGLE-R00,35,0,0,1,single,20271021,141,L1,"[{'rtt_ms': 30, 'mbps': 100, 'loss_pct': 1, 'queue_packets': 1000}, {'rtt_ms': 50, 'mbps': 100, 'loss_pct': 0, 'queue_packets': 1000}]",[],
EXP-RTC-L1-STRIPING-R00,35,1,0,1,striping,20271021,142,L1,"[{'rtt_ms': 30, 'mbps': 100, 'loss_pct': 1, 'queue_packets': 1000}, {'rtt_ms': 50, 'mbps': 100, 'loss_pct': 0, 'queue_packets': 1000}]",[],
EXP-RTC-L1-FEC-R00,35,2,0,1,fec,20271021,143,L1,"[{'rtt_ms': 30, 'mbps': 100, 'loss_pct': 1, 'queue_packets': 1000}, {'rtt_ms': 50, 'mbps': 100, 'loss_pct': 0, 'queue_packets': 1000}]",[],
EXP-RTC-L1-REPLICATION-R00,35,3,0,1,replication,20271021,144,L1,"[{'rtt_ms': 30, 'mbps': 100, 'loss_pct': 1, 'queue_packets': 1000}, {'rtt_ms': 50, 'mbps': 100, 'loss_pct': 0, 'queue_packets': 1000}]",[],
EXP-RTC-L0-SINGLE-R09,36,0,9,0,single,20280001,145,L0,"[{'rtt_ms': 30, 'mbps': 100, 'loss_pct': 0, 'queue_packets': 1000}, {'rtt_ms': 50, 'mbps': 100, 'loss_pct': 0, 'queue_packets': 1000}]",[],
EXP-RTC-L0-FEC-R09,36,1,9,0,fec,20280001,146,L0,"[{'rtt_ms': 30, 'mbps': 100, 'loss_pct': 0, 'queue_packets': 1000}, {'rtt_ms': 50, 'mbps': 100, 'loss_pct': 0, 'queue_packets': 1000}]",[],
EXP-RTC-L0-REPLICATION-R09,36,2,9,0,replication,20280001,147,L0,"[{'rtt_ms': 30, 'mbps': 100, 'loss_pct': 0, 'queue_packets': 1000}, {'rtt_ms': 50, 'mbps': 100, 'loss_pct': 0, 'queue_packets': 1000}]",[],
EXP-RTC-L0-STRIPING-R09,36,3,9,0,striping,20280001,148,L0,"[{'rtt_ms': 30, 'mbps': 100, 'loss_pct': 0, 'queue_packets': 1000}, {'rtt_ms': 50, 'mbps': 100, 'loss_pct': 0, 'queue_packets': 1000}]",[],
EXP-RTC-L3-STRIPING-R01,37,0,1,3,striping,20272041,149,L3,"[{'rtt_ms': 30, 'mbps': 100, 'loss_pct': 3, 'queue_packets': 1000}, {'rtt_ms': 50, 'mbps': 100, 'loss_pct': 0, 'queue_packets': 1000}]",[],
EXP-RTC-L3-SINGLE-R01,37,1,1,3,single,20272041,150,L3,"[{'rtt_ms': 30, 'mbps': 100, 'loss_pct': 3, 'queue_packets': 1000}, {'rtt_ms': 50, 'mbps': 100, 'loss_pct': 0, 'queue_packets': 1000}]",[],
EXP-RTC-L3-REPLICATION-R01,37,2,1,3,replication,20272041,151,L3,"[{'rtt_ms': 30, 'mbps': 100, 'loss_pct': 3, 'queue_packets': 1000}, {'rtt_ms': 50, 'mbps': 100, 'loss_pct': 0, 'queue_packets': 1000}]",[],
EXP-RTC-L3-FEC-R01,37,3,1,3,fec,20272041,152,L3,"[{'rtt_ms': 30, 'mbps': 100, 'loss_pct': 3, 'queue_packets': 1000}, {'rtt_ms': 50, 'mbps': 100, 'loss_pct': 0, 'queue_packets': 1000}]",[],
EXP-RTC-L5-SINGLE-R09,38,0,9,5,single,20280051,153,L5,"[{'rtt_ms': 30, 'mbps': 100, 'loss_pct': 5, 'queue_packets': 1000}, {'rtt_ms': 50, 'mbps': 100, 'loss_pct': 0, 'queue_packets': 1000}]",[],
EXP-RTC-L5-REPLICATION-R09,38,1,9,5,replication,20280051,154,L5,"[{'rtt_ms': 30, 'mbps': 100, 'loss_pct': 5, 'queue_packets': 1000}, {'rtt_ms': 50, 'mbps': 100, 'loss_pct': 0, 'queue_packets': 1000}]",[],
EXP-RTC-L5-STRIPING-R09,38,2,9,5,striping,20280051,155,L5,"[{'rtt_ms': 30, 'mbps': 100, 'loss_pct': 5, 'queue_packets': 1000}, {'rtt_ms': 50, 'mbps': 100, 'loss_pct': 0, 'queue_packets': 1000}]",[],
EXP-RTC-L5-FEC-R09,38,3,9,5,fec,20280051,156,L5,"[{'rtt_ms': 30, 'mbps': 100, 'loss_pct': 5, 'queue_packets': 1000}, {'rtt_ms': 50, 'mbps': 100, 'loss_pct': 0, 'queue_packets': 1000}]",[],
EXP-RTC-L0-REPLICATION-R08,39,0,8,0,replication,20279001,157,L0,"[{'rtt_ms': 30, 'mbps': 100, 'loss_pct': 0, 'queue_packets': 1000}, {'rtt_ms': 50, 'mbps': 100, 'loss_pct': 0, 'queue_packets': 1000}]",[],
EXP-RTC-L0-STRIPING-R08,39,1,8,0,striping,20279001,158,L0,"[{'rtt_ms': 30, 'mbps': 100, 'loss_pct': 0, 'queue_packets': 1000}, {'rtt_ms': 50, 'mbps': 100, 'loss_pct': 0, 'queue_packets': 1000}]",[],
EXP-RTC-L0-SINGLE-R08,39,2,8,0,single,20279001,159,L0,"[{'rtt_ms': 30, 'mbps': 100, 'loss_pct': 0, 'queue_packets': 1000}, {'rtt_ms': 50, 'mbps': 100, 'loss_pct': 0, 'queue_packets': 1000}]",[],
EXP-RTC-L0-FEC-R08,39,3,8,0,fec,20279001,160,L0,"[{'rtt_ms': 30, 'mbps': 100, 'loss_pct': 0, 'queue_packets': 1000}, {'rtt_ms': 50, 'mbps': 100, 'loss_pct': 0, 'queue_packets': 1000}]",[],
EXP-RTC-L0.5-REPLICATION-R03,40,0,3,0.5,replication,20274011,161,L0.5,"[{'rtt_ms': 30, 'mbps': 100, 'loss_pct': 0.5, 'queue_packets': 1000}, {'rtt_ms': 50, 'mbps': 100, 'loss_pct': 0, 'queue_packets': 1000}]",[],
EXP-RTC-L0.5-STRIPING-R03,40,1,3,0.5,striping,20274011,162,L0.5,"[{'rtt_ms': 30, 'mbps': 100, 'loss_pct': 0.5, 'queue_packets': 1000}, {'rtt_ms': 50, 'mbps': 100, 'loss_pct': 0, 'queue_packets': 1000}]",[],
EXP-RTC-L0.5-SINGLE-R03,40,2,3,0.5,single,20274011,163,L0.5,"[{'rtt_ms': 30, 'mbps': 100, 'loss_pct': 0.5, 'queue_packets': 1000}, {'rtt_ms': 50, 'mbps': 100, 'loss_pct': 0, 'queue_packets': 1000}]",[],
EXP-RTC-L0.5-FEC-R03,40,3,3,0.5,fec,20274011,164,L0.5,"[{'rtt_ms': 30, 'mbps': 100, 'loss_pct': 0.5, 'queue_packets': 1000}, {'rtt_ms': 50, 'mbps': 100, 'loss_pct': 0, 'queue_packets': 1000}]",[],
EXP-RTC-L5-SINGLE-R07,41,0,7,5,single,20278051,165,L5,"[{'rtt_ms': 30, 'mbps': 100, 'loss_pct': 5, 'queue_packets': 1000}, {'rtt_ms': 50, 'mbps': 100, 'loss_pct': 0, 'queue_packets': 1000}]",[],
EXP-RTC-L5-STRIPING-R07,41,1,7,5,striping,20278051,166,L5,"[{'rtt_ms': 30, 'mbps': 100, 'loss_pct': 5, 'queue_packets': 1000}, {'rtt_ms': 50, 'mbps': 100, 'loss_pct': 0, 'queue_packets': 1000}]",[],
EXP-RTC-L5-REPLICATION-R07,41,2,7,5,replication,20278051,167,L5,"[{'rtt_ms': 30, 'mbps': 100, 'loss_pct': 5, 'queue_packets': 1000}, {'rtt_ms': 50, 'mbps': 100, 'loss_pct': 0, 'queue_packets': 1000}]",[],
EXP-RTC-L5-FEC-R07,41,3,7,5,fec,20278051,168,L5,"[{'rtt_ms': 30, 'mbps': 100, 'loss_pct': 5, 'queue_packets': 1000}, {'rtt_ms': 50, 'mbps': 100, 'loss_pct': 0, 'queue_packets': 1000}]",[],
EXP-RTC-L2-STRIPING-R05,42,0,5,2,striping,20276031,169,L2,"[{'rtt_ms': 30, 'mbps': 100, 'loss_pct': 2, 'queue_packets': 1000}, {'rtt_ms': 50, 'mbps': 100, 'loss_pct': 0, 'queue_packets': 1000}]",[],
EXP-RTC-L2-SINGLE-R05,42,1,5,2,single,20276031,170,L2,"[{'rtt_ms': 30, 'mbps': 100, 'loss_pct': 2, 'queue_packets': 1000}, {'rtt_ms': 50, 'mbps': 100, 'loss_pct': 0, 'queue_packets': 1000}]",[],
EXP-RTC-L2-FEC-R05,42,2,5,2,fec,20276031,171,L2,"[{'rtt_ms': 30, 'mbps': 100, 'loss_pct': 2, 'queue_packets': 1000}, {'rtt_ms': 50, 'mbps': 100, 'loss_pct': 0, 'queue_packets': 1000}]",[],
EXP-RTC-L2-REPLICATION-R05,42,3,5,2,replication,20276031,172,L2,"[{'rtt_ms': 30, 'mbps': 100, 'loss_pct': 2, 'queue_packets': 1000}, {'rtt_ms': 50, 'mbps': 100, 'loss_pct': 0, 'queue_packets': 1000}]",[],
EXP-RTC-L0.5-FEC-R08,43,0,8,0.5,fec,20279011,173,L0.5,"[{'rtt_ms': 30, 'mbps': 100, 'loss_pct': 0.5, 'queue_packets': 1000}, {'rtt_ms': 50, 'mbps': 100, 'loss_pct': 0, 'queue_packets': 1000}]",[],
EXP-RTC-L0.5-SINGLE-R08,43,1,8,0.5,single,20279011,174,L0.5,"[{'rtt_ms': 30, 'mbps': 100, 'loss_pct': 0.5, 'queue_packets': 1000}, {'rtt_ms': 50, 'mbps': 100, 'loss_pct': 0, 'queue_packets': 1000}]",[],
EXP-RTC-L0.5-REPLICATION-R08,43,2,8,0.5,replication,20279011,175,L0.5,"[{'rtt_ms': 30, 'mbps': 100, 'loss_pct': 0.5, 'queue_packets': 1000}, {'rtt_ms': 50, 'mbps': 100, 'loss_pct': 0, 'queue_packets': 1000}]",[],
EXP-RTC-L0.5-STRIPING-R08,43,3,8,0.5,striping,20279011,176,L0.5,"[{'rtt_ms': 30, 'mbps': 100, 'loss_pct': 0.5, 'queue_packets': 1000}, {'rtt_ms': 50, 'mbps': 100, 'loss_pct': 0, 'queue_packets': 1000}]",[],
EXP-RTC-L2-FEC-R00,44,0,0,2,fec,20271031,177,L2,"[{'rtt_ms': 30, 'mbps': 100, 'loss_pct': 2, 'queue_packets': 1000}, {'rtt_ms': 50, 'mbps': 100, 'loss_pct': 0, 'queue_packets': 1000}]",[],
EXP-RTC-L2-REPLICATION-R00,44,1,0,2,replication,20271031,178,L2,"[{'rtt_ms': 30, 'mbps': 100, 'loss_pct': 2, 'queue_packets': 1000}, {'rtt_ms': 50, 'mbps': 100, 'loss_pct': 0, 'queue_packets': 1000}]",[],
EXP-RTC-L2-SINGLE-R00,44,2,0,2,single,20271031,179,L2,"[{'rtt_ms': 30, 'mbps': 100, 'loss_pct': 2, 'queue_packets': 1000}, {'rtt_ms': 50, 'mbps': 100, 'loss_pct': 0, 'queue_packets': 1000}]",[],
EXP-RTC-L2-STRIPING-R00,44,3,0,2,striping,20271031,180,L2,"[{'rtt_ms': 30, 'mbps': 100, 'loss_pct': 2, 'queue_packets': 1000}, {'rtt_ms': 50, 'mbps': 100, 'loss_pct': 0, 'queue_packets': 1000}]",[],
EXP-RTC-L0-STRIPING-R07,45,0,7,0,striping,20278001,181,L0,"[{'rtt_ms': 30, 'mbps': 100, 'loss_pct': 0, 'queue_packets': 1000}, {'rtt_ms': 50, 'mbps': 100, 'loss_pct': 0, 'queue_packets': 1000}]",[],
EXP-RTC-L0-SINGLE-R07,45,1,7,0,single,20278001,182,L0,"[{'rtt_ms': 30, 'mbps': 100, 'loss_pct': 0, 'queue_packets': 1000}, {'rtt_ms': 50, 'mbps': 100, 'loss_pct': 0, 'queue_packets': 1000}]",[],
EXP-RTC-L0-FEC-R07,45,2,7,0,fec,20278001,183,L0,"[{'rtt_ms': 30, 'mbps': 100, 'loss_pct': 0, 'queue_packets': 1000}, {'rtt_ms': 50, 'mbps': 100, 'loss_pct': 0, 'queue_packets': 1000}]",[],
EXP-RTC-L0-REPLICATION-R07,45,3,7,0,replication,20278001,184,L0,"[{'rtt_ms': 30, 'mbps': 100, 'loss_pct': 0, 'queue_packets': 1000}, {'rtt_ms': 50, 'mbps': 100, 'loss_pct': 0, 'queue_packets': 1000}]",[],
EXP-RTC-L3-FEC-R03,46,0,3,3,fec,20274041,185,L3,"[{'rtt_ms': 30, 'mbps': 100, 'loss_pct': 3, 'queue_packets': 1000}, {'rtt_ms': 50, 'mbps': 100, 'loss_pct': 0, 'queue_packets': 1000}]",[],
EXP-RTC-L3-SINGLE-R03,46,1,3,3,single,20274041,186,L3,"[{'rtt_ms': 30, 'mbps': 100, 'loss_pct': 3, 'queue_packets': 1000}, {'rtt_ms': 50, 'mbps': 100, 'loss_pct': 0, 'queue_packets': 1000}]",[],
EXP-RTC-L3-STRIPING-R03,46,2,3,3,striping,20274041,187,L3,"[{'rtt_ms': 30, 'mbps': 100, 'loss_pct': 3, 'queue_packets': 1000}, {'rtt_ms': 50, 'mbps': 100, 'loss_pct': 0, 'queue_packets': 1000}]",[],
EXP-RTC-L3-REPLICATION-R03,46,3,3,3,replication,20274041,188,L3,"[{'rtt_ms': 30, 'mbps': 100, 'loss_pct': 3, 'queue_packets': 1000}, {'rtt_ms': 50, 'mbps': 100, 'loss_pct': 0, 'queue_packets': 1000}]",[],
EXP-RTC-L3-REPLICATION-R09,47,0,9,3,replication,20280041,189,L3,"[{'rtt_ms': 30, 'mbps': 100, 'loss_pct': 3, 'queue_packets': 1000}, {'rtt_ms': 50, 'mbps': 100, 'loss_pct': 0, 'queue_packets': 1000}]",[],
EXP-RTC-L3-FEC-R09,47,1,9,3,fec,20280041,190,L3,"[{'rtt_ms': 30, 'mbps': 100, 'loss_pct': 3, 'queue_packets': 1000}, {'rtt_ms': 50, 'mbps': 100, 'loss_pct': 0, 'queue_packets': 1000}]",[],
EXP-RTC-L3-STRIPING-R09,47,2,9,3,striping,20280041,191,L3,"[{'rtt_ms': 30, 'mbps': 100, 'loss_pct': 3, 'queue_packets': 1000}, {'rtt_ms': 50, 'mbps': 100, 'loss_pct': 0, 'queue_packets': 1000}]",[],
EXP-RTC-L3-SINGLE-R09,47,3,9,3,single,20280041,192,L3,"[{'rtt_ms': 30, 'mbps': 100, 'loss_pct': 3, 'queue_packets': 1000}, {'rtt_ms': 50, 'mbps': 100, 'loss_pct': 0, 'queue_packets': 1000}]",[],
EXP-RTC-L0-FEC-R01,48,0,1,0,fec,20272001,193,L0,"[{'rtt_ms': 30, 'mbps': 100, 'loss_pct': 0, 'queue_packets': 1000}, {'rtt_ms': 50, 'mbps': 100, 'loss_pct': 0, 'queue_packets': 1000}]",[],
EXP-RTC-L0-STRIPING-R01,48,1,1,0,striping,20272001,194,L0,"[{'rtt_ms': 30, 'mbps': 100, 'loss_pct': 0, 'queue_packets': 1000}, {'rtt_ms': 50, 'mbps': 100, 'loss_pct': 0, 'queue_packets': 1000}]",[],
EXP-RTC-L0-SINGLE-R01,48,2,1,0,single,20272001,195,L0,"[{'rtt_ms': 30, 'mbps': 100, 'loss_pct': 0, 'queue_packets': 1000}, {'rtt_ms': 50, 'mbps': 100, 'loss_pct': 0, 'queue_packets': 1000}]",[],
EXP-RTC-L0-REPLICATION-R01,48,3,1,0,replication,20272001,196,L0,"[{'rtt_ms': 30, 'mbps': 100, 'loss_pct': 0, 'queue_packets': 1000}, {'rtt_ms': 50, 'mbps': 100, 'loss_pct': 0, 'queue_packets': 1000}]",[],
EXP-RTC-L3-FEC-R06,49,0,6,3,fec,20277041,197,L3,"[{'rtt_ms': 30, 'mbps': 100, 'loss_pct': 3, 'queue_packets': 1000}, {'rtt_ms': 50, 'mbps': 100, 'loss_pct': 0, 'queue_packets': 1000}]",[],
EXP-RTC-L3-SINGLE-R06,49,1,6,3,single,20277041,198,L3,"[{'rtt_ms': 30, 'mbps': 100, 'loss_pct': 3, 'queue_packets': 1000}, {'rtt_ms': 50, 'mbps': 100, 'loss_pct': 0, 'queue_packets': 1000}]",[],
EXP-RTC-L3-STRIPING-R06,49,2,6,3,striping,20277041,199,L3,"[{'rtt_ms': 30, 'mbps': 100, 'loss_pct': 3, 'queue_packets': 1000}, {'rtt_ms': 50, 'mbps': 100, 'loss_pct': 0, 'queue_packets': 1000}]",[],
EXP-RTC-L3-REPLICATION-R06,49,3,6,3,replication,20277041,200,L3,"[{'rtt_ms': 30, 'mbps': 100, 'loss_pct': 3, 'queue_packets': 1000}, {'rtt_ms': 50, 'mbps': 100, 'loss_pct': 0, 'queue_packets': 1000}]",[],
EXP-RTC-L3-SINGLE-R05,50,0,5,3,single,20276041,201,L3,"[{'rtt_ms': 30, 'mbps': 100, 'loss_pct': 3, 'queue_packets': 1000}, {'rtt_ms': 50, 'mbps': 100, 'loss_pct': 0, 'queue_packets': 1000}]",[],
EXP-RTC-L3-FEC-R05,50,1,5,3,fec,20276041,202,L3,"[{'rtt_ms': 30, 'mbps': 100, 'loss_pct': 3, 'queue_packets': 1000}, {'rtt_ms': 50, 'mbps': 100, 'loss_pct': 0, 'queue_packets': 1000}]",[],
EXP-RTC-L3-REPLICATION-R05,50,2,5,3,replication,20276041,203,L3,"[{'rtt_ms': 30, 'mbps': 100, 'loss_pct': 3, 'queue_packets': 1000}, {'rtt_ms': 50, 'mbps': 100, 'loss_pct': 0, 'queue_packets': 1000}]",[],
EXP-RTC-L3-STRIPING-R05,50,3,5,3,striping,20276041,204,L3,"[{'rtt_ms': 30, 'mbps': 100, 'loss_pct': 3, 'queue_packets': 1000}, {'rtt_ms': 50, 'mbps': 100, 'loss_pct': 0, 'queue_packets': 1000}]",[],
EXP-RTC-L5-STRIPING-R05,51,0,5,5,striping,20276051,205,L5,"[{'rtt_ms': 30, 'mbps': 100, 'loss_pct': 5, 'queue_packets': 1000}, {'rtt_ms': 50, 'mbps': 100, 'loss_pct': 0, 'queue_packets': 1000}]",[],
EXP-RTC-L5-SINGLE-R05,51,1,5,5,single,20276051,206,L5,"[{'rtt_ms': 30, 'mbps': 100, 'loss_pct': 5, 'queue_packets': 1000}, {'rtt_ms': 50, 'mbps': 100, 'loss_pct': 0, 'queue_packets': 1000}]",[],
EXP-RTC-L5-FEC-R05,51,2,5,5,fec,20276051,207,L5,"[{'rtt_ms': 30, 'mbps': 100, 'loss_pct': 5, 'queue_packets': 1000}, {'rtt_ms': 50, 'mbps': 100, 'loss_pct': 0, 'queue_packets': 1000}]",[],
EXP-RTC-L5-REPLICATION-R05,51,3,5,5,replication,20276051,208,L5,"[{'rtt_ms': 30, 'mbps': 100, 'loss_pct': 5, 'queue_packets': 1000}, {'rtt_ms': 50, 'mbps': 100, 'loss_pct': 0, 'queue_packets': 1000}]",[],
EXP-RTC-L2-REPLICATION-R03,52,0,3,2,replication,20274031,209,L2,"[{'rtt_ms': 30, 'mbps': 100, 'loss_pct': 2, 'queue_packets': 1000}, {'rtt_ms': 50, 'mbps': 100, 'loss_pct': 0, 'queue_packets': 1000}]",[],
EXP-RTC-L2-FEC-R03,52,1,3,2,fec,20274031,210,L2,"[{'rtt_ms': 30, 'mbps': 100, 'loss_pct': 2, 'queue_packets': 1000}, {'rtt_ms': 50, 'mbps': 100, 'loss_pct': 0, 'queue_packets': 1000}]",[],
EXP-RTC-L2-SINGLE-R03,52,2,3,2,single,20274031,211,L2,"[{'rtt_ms': 30, 'mbps': 100, 'loss_pct': 2, 'queue_packets': 1000}, {'rtt_ms': 50, 'mbps': 100, 'loss_pct': 0, 'queue_packets': 1000}]",[],
EXP-RTC-L2-STRIPING-R03,52,3,3,2,striping,20274031,212,L2,"[{'rtt_ms': 30, 'mbps': 100, 'loss_pct': 2, 'queue_packets': 1000}, {'rtt_ms': 50, 'mbps': 100, 'loss_pct': 0, 'queue_packets': 1000}]",[],
EXP-RTC-L0.5-REPLICATION-R07,53,0,7,0.5,replication,20278011,213,L0.5,"[{'rtt_ms': 30, 'mbps': 100, 'loss_pct': 0.5, 'queue_packets': 1000}, {'rtt_ms': 50, 'mbps': 100, 'loss_pct': 0, 'queue_packets': 1000}]",[],
EXP-RTC-L0.5-SINGLE-R07,53,1,7,0.5,single,20278011,214,L0.5,"[{'rtt_ms': 30, 'mbps': 100, 'loss_pct': 0.5, 'queue_packets': 1000}, {'rtt_ms': 50, 'mbps': 100, 'loss_pct': 0, 'queue_packets': 1000}]",[],
EXP-RTC-L0.5-STRIPING-R07,53,2,7,0.5,striping,20278011,215,L0.5,"[{'rtt_ms': 30, 'mbps': 100, 'loss_pct': 0.5, 'queue_packets': 1000}, {'rtt_ms': 50, 'mbps': 100, 'loss_pct': 0, 'queue_packets': 1000}]",[],
EXP-RTC-L0.5-FEC-R07,53,3,7,0.5,fec,20278011,216,L0.5,"[{'rtt_ms': 30, 'mbps': 100, 'loss_pct': 0.5, 'queue_packets': 1000}, {'rtt_ms': 50, 'mbps': 100, 'loss_pct': 0, 'queue_packets': 1000}]",[],
EXP-RTC-L3-STRIPING-R04,54,0,4,3,striping,20275041,217,L3,"[{'rtt_ms': 30, 'mbps': 100, 'loss_pct': 3, 'queue_packets': 1000}, {'rtt_ms': 50, 'mbps': 100, 'loss_pct': 0, 'queue_packets': 1000}]",[],
EXP-RTC-L3-FEC-R04,54,1,4,3,fec,20275041,218,L3,"[{'rtt_ms': 30, 'mbps': 100, 'loss_pct': 3, 'queue_packets': 1000}, {'rtt_ms': 50, 'mbps': 100, 'loss_pct': 0, 'queue_packets': 1000}]",[],
EXP-RTC-L3-REPLICATION-R04,54,2,4,3,replication,20275041,219,L3,"[{'rtt_ms': 30, 'mbps': 100, 'loss_pct': 3, 'queue_packets': 1000}, {'rtt_ms': 50, 'mbps': 100, 'loss_pct': 0, 'queue_packets': 1000}]",[],
EXP-RTC-L3-SINGLE-R04,54,3,4,3,single,20275041,220,L3,"[{'rtt_ms': 30, 'mbps': 100, 'loss_pct': 3, 'queue_packets': 1000}, {'rtt_ms': 50, 'mbps': 100, 'loss_pct': 0, 'queue_packets': 1000}]",[],
EXP-RTC-L0-SINGLE-R02,55,0,2,0,single,20273001,221,L0,"[{'rtt_ms': 30, 'mbps': 100, 'loss_pct': 0, 'queue_packets': 1000}, {'rtt_ms': 50, 'mbps': 100, 'loss_pct': 0, 'queue_packets': 1000}]",[],
EXP-RTC-L0-REPLICATION-R02,55,1,2,0,replication,20273001,222,L0,"[{'rtt_ms': 30, 'mbps': 100, 'loss_pct': 0, 'queue_packets': 1000}, {'rtt_ms': 50, 'mbps': 100, 'loss_pct': 0, 'queue_packets': 1000}]",[],
EXP-RTC-L0-STRIPING-R02,55,2,2,0,striping,20273001,223,L0,"[{'rtt_ms': 30, 'mbps': 100, 'loss_pct': 0, 'queue_packets': 1000}, {'rtt_ms': 50, 'mbps': 100, 'loss_pct': 0, 'queue_packets': 1000}]",[],
EXP-RTC-L0-FEC-R02,55,3,2,0,fec,20273001,224,L0,"[{'rtt_ms': 30, 'mbps': 100, 'loss_pct': 0, 'queue_packets': 1000}, {'rtt_ms': 50, 'mbps': 100, 'loss_pct': 0, 'queue_packets': 1000}]",[],
EXP-RTC-L0.5-FEC-R06,56,0,6,0.5,fec,20277011,225,L0.5,"[{'rtt_ms': 30, 'mbps': 100, 'loss_pct': 0.5, 'queue_packets': 1000}, {'rtt_ms': 50, 'mbps': 100, 'loss_pct': 0, 'queue_packets': 1000}]",[],
EXP-RTC-L0.5-SINGLE-R06,56,1,6,0.5,single,20277011,226,L0.5,"[{'rtt_ms': 30, 'mbps': 100, 'loss_pct': 0.5, 'queue_packets': 1000}, {'rtt_ms': 50, 'mbps': 100, 'loss_pct': 0, 'queue_packets': 1000}]",[],
EXP-RTC-L0.5-REPLICATION-R06,56,2,6,0.5,replication,20277011,227,L0.5,"[{'rtt_ms': 30, 'mbps': 100, 'loss_pct': 0.5, 'queue_packets': 1000}, {'rtt_ms': 50, 'mbps': 100, 'loss_pct': 0, 'queue_packets': 1000}]",[],
EXP-RTC-L0.5-STRIPING-R06,56,3,6,0.5,striping,20277011,228,L0.5,"[{'rtt_ms': 30, 'mbps': 100, 'loss_pct': 0.5, 'queue_packets': 1000}, {'rtt_ms': 50, 'mbps': 100, 'loss_pct': 0, 'queue_packets': 1000}]",[],
EXP-RTC-L1-REPLICATION-R02,57,0,2,1,replication,20273021,229,L1,"[{'rtt_ms': 30, 'mbps': 100, 'loss_pct': 1, 'queue_packets': 1000}, {'rtt_ms': 50, 'mbps': 100, 'loss_pct': 0, 'queue_packets': 1000}]",[],
EXP-RTC-L1-FEC-R02,57,1,2,1,fec,20273021,230,L1,"[{'rtt_ms': 30, 'mbps': 100, 'loss_pct': 1, 'queue_packets': 1000}, {'rtt_ms': 50, 'mbps': 100, 'loss_pct': 0, 'queue_packets': 1000}]",[],
EXP-RTC-L1-STRIPING-R02,57,2,2,1,striping,20273021,231,L1,"[{'rtt_ms': 30, 'mbps': 100, 'loss_pct': 1, 'queue_packets': 1000}, {'rtt_ms': 50, 'mbps': 100, 'loss_pct': 0, 'queue_packets': 1000}]",[],
EXP-RTC-L1-SINGLE-R02,57,3,2,1,single,20273021,232,L1,"[{'rtt_ms': 30, 'mbps': 100, 'loss_pct': 1, 'queue_packets': 1000}, {'rtt_ms': 50, 'mbps': 100, 'loss_pct': 0, 'queue_packets': 1000}]",[],
EXP-RTC-L2-STRIPING-R07,58,0,7,2,striping,20278031,233,L2,"[{'rtt_ms': 30, 'mbps': 100, 'loss_pct': 2, 'queue_packets': 1000}, {'rtt_ms': 50, 'mbps': 100, 'loss_pct': 0, 'queue_packets': 1000}]",[],
EXP-RTC-L2-REPLICATION-R07,58,1,7,2,replication,20278031,234,L2,"[{'rtt_ms': 30, 'mbps': 100, 'loss_pct': 2, 'queue_packets': 1000}, {'rtt_ms': 50, 'mbps': 100, 'loss_pct': 0, 'queue_packets': 1000}]",[],
EXP-RTC-L2-FEC-R07,58,2,7,2,fec,20278031,235,L2,"[{'rtt_ms': 30, 'mbps': 100, 'loss_pct': 2, 'queue_packets': 1000}, {'rtt_ms': 50, 'mbps': 100, 'loss_pct': 0, 'queue_packets': 1000}]",[],
EXP-RTC-L2-SINGLE-R07,58,3,7,2,single,20278031,236,L2,"[{'rtt_ms': 30, 'mbps': 100, 'loss_pct': 2, 'queue_packets': 1000}, {'rtt_ms': 50, 'mbps': 100, 'loss_pct': 0, 'queue_packets': 1000}]",[],
EXP-RTC-L5-FEC-R06,59,0,6,5,fec,20277051,237,L5,"[{'rtt_ms': 30, 'mbps': 100, 'loss_pct': 5, 'queue_packets': 1000}, {'rtt_ms': 50, 'mbps': 100, 'loss_pct': 0, 'queue_packets': 1000}]",[],
EXP-RTC-L5-SINGLE-R06,59,1,6,5,single,20277051,238,L5,"[{'rtt_ms': 30, 'mbps': 100, 'loss_pct': 5, 'queue_packets': 1000}, {'rtt_ms': 50, 'mbps': 100, 'loss_pct': 0, 'queue_packets': 1000}]",[],
EXP-RTC-L5-REPLICATION-R06,59,2,6,5,replication,20277051,239,L5,"[{'rtt_ms': 30, 'mbps': 100, 'loss_pct': 5, 'queue_packets': 1000}, {'rtt_ms': 50, 'mbps': 100, 'loss_pct': 0, 'queue_packets': 1000}]",[],
EXP-RTC-L5-STRIPING-R06,59,3,6,5,striping,20277051,240,L5,"[{'rtt_ms': 30, 'mbps': 100, 'loss_pct': 5, 'queue_packets': 1000}, {'rtt_ms': 50, 'mbps': 100, 'loss_pct': 0, 'queue_packets': 1000}]",[],
